"domain","test","status","stack","signal_headers","note"
"www.nytimes.com","browser","200","other","",""
"www.nytimes.com","gptbot","403","other","",""
"www.nytimes.com","claudebot","403","other","",""
"www.nytimes.com","honest_bot","200","other","",""
"www.nytimes.com","claudebot_maxprice","403","other","",""
"www.theguardian.com","browser","200","other","",""
"www.theguardian.com","gptbot","200","other","",""
"www.theguardian.com","claudebot","403","other","",""
"www.theguardian.com","honest_bot","200","other","",""
"www.theguardian.com","claudebot_maxprice","403","other","",""
"www.reuters.com","browser","401","other","",""
"www.reuters.com","gptbot","401","other","",""
"www.reuters.com","claudebot","401","other","",""
"www.reuters.com","honest_bot","401","other","",""
"www.reuters.com","claudebot_maxprice","401","other","",""
"apnews.com","browser","200","cloudflare","",""
"apnews.com","gptbot","200","cloudflare","",""
"apnews.com","claudebot","402","cloudflare","","{""message"":""Please contact the site owner for access.""}"
"apnews.com","honest_bot","200","cloudflare","",""
"apnews.com","claudebot_maxprice","402","cloudflare","","{""message"":""Please contact the site owner for access.""}"
"www.wired.com","browser","200","cloudflare","payment=free",""
"www.wired.com","gptbot","200","cloudflare","payment=free",""
"www.wired.com","claudebot","200","cloudflare","payment=free",""
"www.wired.com","honest_bot","200","cloudflare","payment=free",""
"www.wired.com","claudebot_maxprice","200","cloudflare","payment=free",""
"www.theatlantic.com","browser","200","cloudflare","",""
"www.theatlantic.com","gptbot","200","cloudflare","",""
"www.theatlantic.com","claudebot","402","cloudflare","","{""message"":""Please contact the site owner for access.""}"
"www.theatlantic.com","honest_bot","200","cloudflare","",""
"www.theatlantic.com","claudebot_maxprice","402","cloudflare","","{""message"":""Please contact the site owner for access.""}"
"www.economist.com","browser","403","cloudflare","",""
"www.economist.com","gptbot","403","cloudflare","",""
"www.economist.com","claudebot","403","cloudflare","",""
"www.economist.com","honest_bot","403","cloudflare","",""
"www.economist.com","claudebot_maxprice","403","cloudflare","",""
"www.ft.com","browser","403","cloudflare","",""
"www.ft.com","gptbot","403","cloudflare","",""
"www.ft.com","claudebot","403","cloudflare","",""
"www.ft.com","honest_bot","403","cloudflare","",""
"www.ft.com","claudebot_maxprice","403","cloudflare","",""
"www.businessinsider.com","browser","200","other","",""
"www.businessinsider.com","gptbot","200","other","",""
"www.businessinsider.com","claudebot","200","other","",""
"www.businessinsider.com","honest_bot","200","other","",""
"www.businessinsider.com","claudebot_maxprice","200","other","",""
"www.forbes.com","browser","200","other","",""
"www.forbes.com","gptbot","402","other","x-tollbit-forwarded=true","[{""message"":""You are not authorized to access this content without a valid TollBit Token. Please follow this URL to find out more."" ""url"":""https://tollbit.dev""}]"
"www.forbes.com","claudebot","402","other","x-tollbit-forwarded=true","[{""message"":""You are not authorized to access this content without a valid TollBit Token. Please follow this URL to find out more."" ""url"":""https://tollbit.dev""}]"
"www.forbes.com","honest_bot","200","other","",""
"www.forbes.com","claudebot_maxprice","402","other","x-tollbit-forwarded=true","[{""message"":""You are not authorized to access this content without a valid TollBit Token. Please follow this URL to find out more."" ""url"":""https://tollbit.dev""}]"
"time.com","browser","200","other","",""
"time.com","gptbot","406","other","",""
"time.com","claudebot","200","cloudflare","",""
"time.com","honest_bot","200","other","",""
"time.com","claudebot_maxprice","200","cloudflare","",""
"fortune.com","browser","200","other","",""
"fortune.com","gptbot","200","other","",""
"fortune.com","claudebot","200","other","",""
"fortune.com","honest_bot","200","other","",""
"fortune.com","claudebot_maxprice","200","other","",""
"www.theverge.com","browser","200","other","",""
"www.theverge.com","gptbot","200","other","",""
"www.theverge.com","claudebot","403","other","",""
"www.theverge.com","honest_bot","200","other","",""
"www.theverge.com","claudebot_maxprice","403","other","",""
"techcrunch.com","browser","200","other","",""
"techcrunch.com","gptbot","200","other","",""
"techcrunch.com","claudebot","200","other","",""
"techcrunch.com","honest_bot","200","other","",""
"techcrunch.com","claudebot_maxprice","200","other","",""
"arstechnica.com","browser","202","other","",""
"arstechnica.com","gptbot","403","other","",""
"arstechnica.com","claudebot","202","other","",""
"arstechnica.com","honest_bot","202","other","",""
"arstechnica.com","claudebot_maxprice","202","other","",""
"www.cnet.com","browser","200","other","",""
"www.cnet.com","gptbot","200","other","",""
"www.cnet.com","claudebot","200","other","",""
"www.cnet.com","honest_bot","200","other","",""
"www.cnet.com","claudebot_maxprice","200","other","",""
"www.zdnet.com","browser","200","other","",""
"www.zdnet.com","gptbot","403","other","",""
"www.zdnet.com","claudebot","403","other","",""
"www.zdnet.com","honest_bot","200","other","",""
"www.zdnet.com","claudebot_maxprice","403","other","",""
"www.tomshardware.com","browser","200","other","",""
"www.tomshardware.com","gptbot","200","other","",""
"www.tomshardware.com","claudebot","200","other","",""
"www.tomshardware.com","honest_bot","200","other","",""
"www.tomshardware.com","claudebot_maxprice","200","other","",""
"www.pcgamer.com","browser","200","other","",""
"www.pcgamer.com","gptbot","200","other","",""
"www.pcgamer.com","claudebot","200","other","",""
"www.pcgamer.com","honest_bot","200","other","",""
"www.pcgamer.com","claudebot_maxprice","200","other","",""
"www.polygon.com","browser","200","other","",""
"www.polygon.com","gptbot","200","other","",""
"www.polygon.com","claudebot","200","other","",""
"www.polygon.com","honest_bot","200","other","",""
"www.polygon.com","claudebot_maxprice","200","other","",""
"www.spiegel.de","browser","200","other","",""
"www.spiegel.de","gptbot","403","other","",""
"www.spiegel.de","claudebot","200","other","",""
"www.spiegel.de","honest_bot","200","other","",""
"www.spiegel.de","claudebot_maxprice","200","other","",""
"www.hardwareluxx.de","browser","200","cloudflare","",""
"www.hardwareluxx.de","gptbot","200","cloudflare","",""
"www.hardwareluxx.de","claudebot","200","cloudflare","",""
"www.hardwareluxx.de","honest_bot","200","cloudflare","",""
"www.hardwareluxx.de","claudebot_maxprice","200","cloudflare","",""
"www.heise.de","browser","200","other","",""
"www.heise.de","gptbot","200","other","",""
"www.heise.de","claudebot","200","other","",""
"www.heise.de","honest_bot","200","other","",""
"www.heise.de","claudebot_maxprice","200","other","",""
"www.golem.de","browser","200","other","",""
"www.golem.de","gptbot","200","other","",""
"www.golem.de","claudebot","200","other","",""
"www.golem.de","honest_bot","200","other","",""
"www.golem.de","claudebot_maxprice","200","other","",""
"www.lemonde.fr","browser","200","other","",""
"www.lemonde.fr","gptbot","200","other","",""
"www.lemonde.fr","claudebot","200","other","",""
"www.lemonde.fr","honest_bot","200","other","",""
"www.lemonde.fr","claudebot_maxprice","200","other","",""
"www.lefigaro.fr","browser","200","other","",""
"www.lefigaro.fr","gptbot","403","other","",""
"www.lefigaro.fr","claudebot","403","other","",""
"www.lefigaro.fr","honest_bot","200","other","",""
"www.lefigaro.fr","claudebot_maxprice","403","other","",""
"elpais.com","browser","200","other","",""
"elpais.com","gptbot","403","other","",""
"elpais.com","claudebot","403","other","",""
"elpais.com","honest_bot","403","other","",""
"elpais.com","claudebot_maxprice","403","other","",""
"www.corriere.it","browser","200","other","",""
"www.corriere.it","gptbot","403","other","",""
"www.corriere.it","claudebot","403","other","",""
"www.corriere.it","honest_bot","200","other","",""
"www.corriere.it","claudebot_maxprice","403","other","",""
"www.telegraph.co.uk","browser","402","other","x-tollbit-forwarded=true","<h1>Access Issue Help</h1> <p>You are seeing this page because our security systems have detected some unusual activity on this connection. To regain access to The Telegraph website please try the following:</p> <ul> 	<li>If you are connected to the "
"www.telegraph.co.uk","gptbot","timeout","other","",""
"www.telegraph.co.uk","claudebot","timeout","other","",""
"www.telegraph.co.uk","honest_bot","402","other","x-tollbit-forwarded=true","<h1>Access Issue Help</h1> <p>You are seeing this page because our security systems have detected some unusual activity on this connection. To regain access to The Telegraph website please try the following:</p> <ul> 	<li>If you are connected to the "
"www.telegraph.co.uk","claudebot_maxprice","timeout","other","",""
"www.independent.co.uk","browser","200","other","",""
"www.independent.co.uk","gptbot","200","other","",""
"www.independent.co.uk","claudebot","402","other","","         <?xml version=""1.0"" encoding=""utf-8""?>         <!DOCTYPE html PUBLIC ""-//W3C//DTD XHTML 1.0 Strict//EN""         ""http://www.w3.org/TR/xhtml1/DTD/xhtml1-strict.dtd"">         <html lang=""en-GB"">         <head>         <meta charset=""utf-8"">   "
"www.independent.co.uk","honest_bot","200","other","",""
"www.independent.co.uk","claudebot_maxprice","402","other","","         <?xml version=""1.0"" encoding=""utf-8""?>         <!DOCTYPE html PUBLIC ""-//W3C//DTD XHTML 1.0 Strict//EN""         ""http://www.w3.org/TR/xhtml1/DTD/xhtml1-strict.dtd"">         <html lang=""en-GB"">         <head>         <meta charset=""utf-8"">   "
"pressgazette.co.uk","browser","403","other","",""
"pressgazette.co.uk","gptbot","403","other","",""
"pressgazette.co.uk","claudebot","403","other","",""
"pressgazette.co.uk","honest_bot","200","other","",""
"pressgazette.co.uk","claudebot_maxprice","200","other","",""
"www.howtogeek.com","browser","200","other","",""
"www.howtogeek.com","gptbot","200","other","",""
"www.howtogeek.com","claudebot","200","other","",""
"www.howtogeek.com","honest_bot","200","other","",""
"www.howtogeek.com","claudebot_maxprice","200","other","",""
"www.makeuseof.com","browser","200","other","",""
"www.makeuseof.com","gptbot","200","other","",""
"www.makeuseof.com","claudebot","200","other","",""
"www.makeuseof.com","honest_bot","200","other","",""
"www.makeuseof.com","claudebot_maxprice","200","other","",""
"www.androidpolice.com","browser","200","other","",""
"www.androidpolice.com","gptbot","200","other","",""
"www.androidpolice.com","claudebot","200","other","",""
"www.androidpolice.com","honest_bot","200","other","",""
"www.androidpolice.com","claudebot_maxprice","200","other","",""
"www.xda-developers.com","browser","200","other","",""
"www.xda-developers.com","gptbot","200","other","",""
"www.xda-developers.com","claudebot","200","other","",""
"www.xda-developers.com","honest_bot","200","other","",""
"www.xda-developers.com","claudebot_maxprice","200","other","",""
"www.slashgear.com","browser","200","other","",""
"www.slashgear.com","gptbot","200","other","",""
"www.slashgear.com","claudebot","200","other","",""
"www.slashgear.com","honest_bot","200","other","",""
"www.slashgear.com","claudebot_maxprice","200","other","",""
"screenrant.com","browser","200","other","",""
"screenrant.com","gptbot","200","other","",""
"screenrant.com","claudebot","200","other","",""
"screenrant.com","honest_bot","200","other","",""
"screenrant.com","claudebot_maxprice","200","other","",""
"www.thespruce.com","browser","402","cloudflare","","<p>   If you are a reader experiencing an access issue  please contact   <a href=""mailto:support@people.inc"">support@people.inc</a>. <br>   To help us troubleshoot more quickly  you may include your IP address. <br>   You can find it by visiting   <a"
"www.thespruce.com","gptbot","402","cloudflare","","<p>   If you are a reader experiencing an access issue  please contact   <a href=""mailto:support@people.inc"">support@people.inc</a>. <br>   To help us troubleshoot more quickly  you may include your IP address. <br>   You can find it by visiting   <a"
"www.thespruce.com","claudebot","402","cloudflare","","Payment Required - If you wish to license content from People Inc  please contact contentlicensing@people.inc"
"www.thespruce.com","honest_bot","402","cloudflare","","<p>   If you are a reader experiencing an access issue  please contact   <a href=""mailto:support@people.inc"">support@people.inc</a>. <br>   To help us troubleshoot more quickly  you may include your IP address. <br>   You can find it by visiting   <a"
"www.thespruce.com","claudebot_maxprice","402","cloudflare","","Payment Required - If you wish to license content from People Inc  please contact contentlicensing@people.inc"
"www.seriouseats.com","browser","402","cloudflare","","<p>   If you are a reader experiencing an access issue  please contact   <a href=""mailto:support@people.inc"">support@people.inc</a>. <br>   To help us troubleshoot more quickly  you may include your IP address. <br>   You can find it by visiting   <a"
"www.seriouseats.com","gptbot","402","cloudflare","","<p>   If you are a reader experiencing an access issue  please contact   <a href=""mailto:support@people.inc"">support@people.inc</a>. <br>   To help us troubleshoot more quickly  you may include your IP address. <br>   You can find it by visiting   <a"
"www.seriouseats.com","claudebot","402","cloudflare","","Payment Required - If you wish to license content from People Inc  please contact contentlicensing@people.inc"
"www.seriouseats.com","honest_bot","402","cloudflare","","<p>   If you are a reader experiencing an access issue  please contact   <a href=""mailto:support@people.inc"">support@people.inc</a>. <br>   To help us troubleshoot more quickly  you may include your IP address. <br>   You can find it by visiting   <a"
"www.seriouseats.com","claudebot_maxprice","402","cloudflare","","Payment Required - If you wish to license content from People Inc  please contact contentlicensing@people.inc"
"www.investopedia.com","browser","402","cloudflare","","<p>   If you are a reader experiencing an access issue  please contact   <a href=""mailto:support@people.inc"">support@people.inc</a>. <br>   To help us troubleshoot more quickly  you may include your IP address. <br>   You can find it by visiting   <a"
"www.investopedia.com","gptbot","402","cloudflare","","<p>   If you are a reader experiencing an access issue  please contact   <a href=""mailto:support@people.inc"">support@people.inc</a>. <br>   To help us troubleshoot more quickly  you may include your IP address. <br>   You can find it by visiting   <a"
"www.investopedia.com","claudebot","402","cloudflare","","Payment Required - If you wish to license content from People Inc  please contact contentlicensing@people.inc"
"www.investopedia.com","honest_bot","402","cloudflare","","<p>   If you are a reader experiencing an access issue  please contact   <a href=""mailto:support@people.inc"">support@people.inc</a>. <br>   To help us troubleshoot more quickly  you may include your IP address. <br>   You can find it by visiting   <a"
"www.investopedia.com","claudebot_maxprice","402","cloudflare","","Payment Required - If you wish to license content from People Inc  please contact contentlicensing@people.inc"
"www.healthline.com","browser","200","other","",""
"www.healthline.com","gptbot","200","other","",""
"www.healthline.com","claudebot","200","other","",""
"www.healthline.com","honest_bot","200","other","",""
"www.healthline.com","claudebot_maxprice","200","other","",""
"www.webmd.com","browser","200","cloudflare","",""
"www.webmd.com","gptbot","200","cloudflare","",""
"www.webmd.com","claudebot","200","cloudflare","",""
"www.webmd.com","honest_bot","200","cloudflare","",""
"www.webmd.com","claudebot_maxprice","200","cloudflare","",""
"www.digitaltrends.com","browser","200","other","",""
"www.digitaltrends.com","gptbot","202","other","",""
"www.digitaltrends.com","claudebot","202","other","",""
"www.digitaltrends.com","honest_bot","403","other","",""
"www.digitaltrends.com","claudebot_maxprice","202","other","",""
"stackoverflow.com","browser","403","cloudflare","",""
"stackoverflow.com","gptbot","403","cloudflare","",""
"stackoverflow.com","claudebot","402","cloudflare","crawler-error=MissingCrawlerPrice | crawler-price=USD 0.5","{""x402Version"":0 ""accepts"":[{""scheme"":""deferred"" ""network"":""cloudflare"" ""resource"":""/"" ""maxTimeoutSeconds"":30 ""maxAmountRequired"":""0.5"" ""asset"":""USD""}] ""error"":""Payment is required to access content. Please refer to the Cloudflare Pay Per Crawl docum"
"stackoverflow.com","honest_bot","403","cloudflare","",""
"stackoverflow.com","claudebot_maxprice","400","cloudflare","crawler-error=InvalidCrawlerMaxPrice",""
"www.reddit.com","browser","200","other","",""
"www.reddit.com","gptbot","403","other","",""
"www.reddit.com","claudebot","429","other","",""
"www.reddit.com","honest_bot","200","other","",""
"www.reddit.com","claudebot_maxprice","429","other","",""
"medium.com","browser","403","cloudflare","",""
"medium.com","gptbot","403","cloudflare","",""
"medium.com","claudebot","403","cloudflare","",""
"medium.com","honest_bot","403","cloudflare","",""
"medium.com","claudebot_maxprice","403","cloudflare","",""
"dev.to","browser","200","other","",""
"dev.to","gptbot","200","other","",""
"dev.to","claudebot","200","other","",""
"dev.to","honest_bot","200","other","",""
"dev.to","claudebot_maxprice","200","other","",""
"www.digiday.com","browser","200","other","",""
"www.digiday.com","gptbot","200","other","",""
"www.digiday.com","claudebot","429","other","",""
"www.digiday.com","honest_bot","200","other","",""
"www.digiday.com","claudebot_maxprice","429","other","",""
"niemanlab.org","browser","403","cloudflare","",""
"niemanlab.org","gptbot","403","cloudflare","",""
"niemanlab.org","claudebot","403","cloudflare","",""
"niemanlab.org","honest_bot","403","cloudflare","",""
"niemanlab.org","claudebot_maxprice","403","cloudflare","",""